tranco_rank,root_domain,discovered_name,dns_status,answer_type,resolved_value
78427,mrbilit.com,staff.mrbilit.com,NOERROR,A,185.143.234.235
78427,mrbilit.com,panel.dev.mrbilit.com,NOERROR,A,86.104.35.188
78427,mrbilit.com,s.panel.mrbilit.com,NOERROR,A,86.104.35.188
78427,mrbilit.com,b2blanding.mrbilit.com,NOERROR,A,86.104.35.186
78427,mrbilit.com,blog.mrbilit.com,NOERROR,A,86.104.35.186
78427,mrbilit.com,chat.mrbilit.com,NOERROR,A,86.104.35.188
78427,mrbilit.com,pricetrack.mrbilit.com,NOERROR,A,86.104.35.188
78427,mrbilit.com,dev.mrbilit.com,NOERROR,A,86.104.35.188
78427,mrbilit.com,landing.mrbilit.com,NOERROR,A,86.104.35.186
78427,mrbilit.com,maxitaxi.mrbilit.com,NOERROR,A,86.104.35.188
78427,mrbilit.com,jobs.mrbilit.com,NOERROR,A,86.104.35.186
78427,mrbilit.com,careers.mrbilit.com,NOERROR,A,185.143.233.235
78427,mrbilit.com,marketing.mrbilit.com,NOERROR,A,185.143.233.235
78427,mrbilit.com,lnd.mrbilit.com,NOERROR,CNAME,cname.landikdns.com.
78427,mrbilit.com,ticket.mrbilit.com,NOERROR,A,86.104.35.187
78427,mrbilit.com,ph.mrbilit.com,NOERROR,A,86.104.35.188
78427,mrbilit.com,safarnama.mrbilit.com,NOERROR,A,185.143.233.235
78427,mrbilit.com,staging.mrbilit.com,NOERROR,A,86.104.35.188
78427,mrbilit.com,bill.mrbilit.com,NOERROR,A,86.104.35.188
78427,mrbilit.com,kb.mrbilit.com,NOERROR,A,86.104.35.188
803210,mexboss1.com,res.mexboss1.com,NOERROR,A,172.67.197.86
428224,aelia.pl,pve02.aelia.pl,NOERROR,A,213.239.205.62
428224,aelia.pl,magento.aelia.pl,NOERROR,A,51.77.61.229
428224,aelia.pl,cms.rc.aelia.pl,NOERROR,CNAME,rc.aelia.pl.
428224,aelia.pl,www.aelia.pl,NOERROR,A,51.77.61.229
428224,aelia.pl,traefik.rc.aelia.pl,NOERROR,CNAME,rc.aelia.pl.
428224,aelia.pl,service.rc.aelia.pl,NOERROR,CNAME,rc.aelia.pl.
428224,aelia.pl,pve01.aelia.pl,NOERROR,A,57.128.229.141
428224,aelia.pl,mail.aelia.pl,NOERROR,A,51.91.88.126
428224,aelia.pl,sklep.aelia.pl,NOERROR,A,51.77.61.229
428224,aelia.pl,visit.aelia.pl,NOERROR,CNAME,visit-aelia-pl.instantfilehost.com.
428224,aelia.pl,cms.aelia.pl,NOERROR,CNAME,aelia.pl.
428224,aelia.pl,pbs01.aelia.pl,NOERROR,A,195.201.175.80
428224,aelia.pl,static.aelia.pl,NOERROR,CNAME,static-aelia-pl.fastfilestorage.net.
428224,aelia.pl,api.rc.aelia.pl,NOERROR,CNAME,rc.aelia.pl.
428224,aelia.pl,db.rc.aelia.pl,NOERROR,CNAME,rc.aelia.pl.
428224,aelia.pl,api.aelia.pl,NOERROR,CNAME,aelia.pl.
428224,aelia.pl,service.aelia.pl,NOERROR,A,51.77.61.229
428224,aelia.pl,www.sklep.aelia.pl,NOERROR,CNAME,sklep.aelia.pl.
428224,aelia.pl,pomoc.aelia.pl,NOERROR,CNAME,5d34eb8edbc84b0eec23a786fd37a54b.freshdesk.com.
428224,aelia.pl,mage.aelia.pl,NOERROR,CNAME,aelia.pl.
435467,donio.sk,l.donio.sk,NOERROR,CNAME,cname.short.io.
435467,donio.sk,www.donio.sk,NOERROR,A,172.67.159.120
435467,donio.sk,static.donio.sk,NOERROR,A,104.21.50.78
435467,donio.sk,mail.donio.sk,NOERROR,CNAME,eu.sparkpostmail.com.
279813,broadsolutionsgroup.com,cdn-info.broadsolutionsgroup.com,NOERROR,A,104.18.8.243
279813,broadsolutionsgroup.com,api04.broadsolutionsgroup.com,NOERROR,CNAME,hkrepo-hkrep-fkxdiy710r76-1844141301.us-west-2.elb.amazonaws.com.
279813,broadsolutionsgroup.com,www.broadsolutionsgroup.com,NOERROR,A,104.18.9.243
279813,broadsolutionsgroup.com,oms.broadsolutionsgroup.com,NOERROR,A,104.18.9.243
279813,broadsolutionsgroup.com,api02.broadsolutionsgroup.com,NOERROR,CNAME,rsrepo-rsrep-xfkqefpcerkw-869325833.us-west-2.elb.amazonaws.com.
279813,broadsolutionsgroup.com,admin.broadsolutionsgroup.com,NOERROR,A,104.18.9.243
279813,broadsolutionsgroup.com,cdn-drama.broadsolutionsgroup.com,NOERROR,A,104.18.9.243
279813,broadsolutionsgroup.com,sdk.broadsolutionsgroup.com,NOERROR,A,104.18.8.243
279813,broadsolutionsgroup.com,cms.broadsolutionsgroup.com,NOERROR,A,104.18.9.243
279813,broadsolutionsgroup.com,block-cali-en.broadsolutionsgroup.com,NOERROR,A,104.18.9.243
279813,broadsolutionsgroup.com,sign.bfdramas.broadsolutionsgroup.com,NOERROR,A,104.18.9.243
279813,broadsolutionsgroup.com,block-cali-jp.broadsolutionsgroup.com,NOERROR,A,104.18.9.243
279813,broadsolutionsgroup.com,game-img.broadsolutionsgroup.com,NOERROR,A,104.18.8.243
279813,broadsolutionsgroup.com,rbt.broadsolutionsgroup.com,NOERROR,A,104.18.9.243
279813,broadsolutionsgroup.com,block-cali.broadsolutionsgroup.com,NOERROR,A,104.18.9.243
279813,broadsolutionsgroup.com,info-static.broadsolutionsgroup.com,NOERROR,A,104.18.9.243
279813,broadsolutionsgroup.com,block-cali-tt.broadsolutionsgroup.com,NOERROR,A,104.18.8.243
990775,1-remont.com,www.map.1-remont.com,NOERROR,A,46.183.165.131
990775,1-remont.com,rate.1-remont.com,NOERROR,A,46.183.165.131
990775,1-remont.com,map.1-remont.com,NOERROR,A,46.183.165.131
990775,1-remont.com,www.client.1-remont.com,NOERROR,A,46.183.165.131
990775,1-remont.com,client.1-remont.com,NOERROR,A,46.183.165.131
990775,1-remont.com,mail.1-remont.com,NOERROR,A,46.183.165.131
990775,1-remont.com,dev.1-remont.com,NOERROR,A,176.99.14.21
990775,1-remont.com,www.rate.1-remont.com,NOERROR,A,46.183.165.131
990775,1-remont.com,crm.1-remont.com,NOERROR,A,46.183.165.131
990775,1-remont.com,www.dev.1-remont.com,NOERROR,A,176.99.14.21
990775,1-remont.com,www.crm.1-remont.com,NOERROR,A,46.183.165.131
990775,1-remont.com,www.1-remont.com,NOERROR,A,46.183.165.131
625325,sanctum.so,docs.sanctum.so,NOERROR,A,104.21.64.46
625325,sanctum.so,api.sanctum.so,NOERROR,A,172.67.176.10
625325,sanctum.so,www.api.sanctum.so,NOERROR,A,172.67.176.10
625325,sanctum.so,deployer.sanctum.so,NOERROR,A,104.21.64.46
625325,sanctum.so,ironforge.sanctum.so,NOERROR,CNAME,84c4d4bbda08a531.vercel-dns-016.com.
625325,sanctum.so,cloud-staking-api.sanctum.so,NOERROR,A,104.21.64.46
625325,sanctum.so,appeal-api.sanctum.so,NOERROR,A,104.21.64.46
625325,sanctum.so,beta.sanctum.so,NOERROR,A,172.67.176.10
625325,sanctum.so,gateway.sanctum.so,NOERROR,CNAME,25cd7e72db37d463.vercel-dns-016.com.
625325,sanctum.so,unstake.sanctum.so,NOERROR,A,104.21.64.46
625325,sanctum.so,vote.sanctum.so,NOERROR,A,104.21.64.46
625325,sanctum.so,blog.sanctum.so,NOERROR,CNAME,4fb6f1365bcc9974.vercel-dns-016.com.
625325,sanctum.so,www.sanctum.so,NOERROR,CNAME,4fb6f1365bcc9974.vercel-dns-016.com.
625325,sanctum.so,lst-metadata.sanctum.so,NOERROR,A,104.21.64.46
625325,sanctum.so,traefik.extra-api.sanctum.so,NOERROR,A,104.21.64.46
625325,sanctum.so,research.sanctum.so,NOERROR,A,104.21.64.46
625325,sanctum.so,accounts.ironforge.sanctum.so,NOERROR,CNAME,accounts.clerk.services.
625325,sanctum.so,learn.sanctum.so,NOERROR,A,172.67.176.10
625325,sanctum.so,lst-indexer-api.sanctum.so,NOERROR,A,172.67.176.10
625325,sanctum.so,tpg.sanctum.so,NOERROR,A,104.21.64.46
450329,casinopicks.nl,www.casinopicks.nl,NOERROR,A,172.67.210.200
511484,lord-serial-2026.ru,glorp.lord-serial-2026.ru,NOERROR,A,179.43.180.152
511484,lord-serial-2026.ru,www.lord-serial-2026.ru,NOERROR,CNAME,lord-serial-2026.ru.
651810,beritatogel.mom,w2.beritatogel.mom,NOERROR,A,172.233.219.49
651810,beritatogel.mom,www.beritatogel.mom,NOERROR,A,172.233.219.78
291532,tradtalk.com,tollbit.tradtalk.com,NOERROR,A,34.232.169.168
291532,tradtalk.com,www.tradtalk.com,NOERROR,CNAME,n.sni.global.fastly.net.
291532,tradtalk.com,mail.tradtalk.com,NOERROR,A,184.172.140.235
964118,share-online.biz,www.login.www.share-online.biz,NOERROR,A,172.233.219.123
964118,share-online.biz,dlw268-2.share-online.biz,NOERROR,A,172.233.219.78
964118,share-online.biz,dlw379-2.share-online.biz,NOERROR,A,172.233.219.49
964118,share-online.biz,hostmaster.ws1.share-online.biz,NOERROR,A,172.233.219.123
964118,share-online.biz,www.dlw210-1.share-online.biz,NOERROR,A,172.233.219.49
964118,share-online.biz,dlw353-1.share-online.biz,NOERROR,A,172.233.219.123
964118,share-online.biz,www.dlw368-1.share-online.biz,NOERROR,A,172.237.146.8
964118,share-online.biz,dlw362-2.share-online.biz,NOERROR,A,172.237.146.8
964118,share-online.biz,dlw412-1.share-online.biz,NOERROR,A,172.233.219.49
964118,share-online.biz,dlw435-1.share-online.biz,NOERROR,A,172.237.146.38
964118,share-online.biz,dlw420-1.share-online.biz,NOERROR,A,172.233.219.49
964118,share-online.biz,www.partner.share-online.biz,NOERROR,A,172.233.219.123
964118,share-online.biz,dlw458-1.share-online.biz,NOERROR,A,172.233.219.49
964118,share-online.biz,qa.share-online.biz,NOERROR,A,172.233.219.123
964118,share-online.biz,ftp3.share-online.biz,NOERROR,A,172.237.146.38
964118,share-online.biz,www.dlw453-1.share-online.biz,NOERROR,A,172.237.146.8
964118,share-online.biz,r3.share-online.biz,NOERROR,A,172.233.219.78
964118,share-online.biz,www.portal.www.share-online.biz,NOERROR,A,172.237.146.8
964118,share-online.biz,dlw310-1.share-online.biz,NOERROR,A,172.233.219.123
964118,share-online.biz,dlw266-2.share-online.biz,NOERROR,A,172.237.146.38
932475,comite21.org,www.comite21.org,NOERROR,CNAME,comite21.org.
213652,ae.gov.ma,www.ae.gov.ma,NOERROR,A,196.61.236.230
213652,ae.gov.ma,mail.ae.gov.ma,NOERROR,A,196.61.236.230
213652,ae.gov.ma,rn.ae.gov.ma,NOERROR,A,62.251.193.98
675073,coastalha.co.uk,www.coastalha.co.uk,NOERROR,A,141.193.213.21
675073,coastalha.co.uk,firewall.coastalha.co.uk,NOERROR,A,46.247.25.209
675073,coastalha.co.uk,ns1.coastalha.co.uk,NOERROR,A,31.217.128.130
675073,coastalha.co.uk,ns2.coastalha.co.uk,NOERROR,A,31.217.131.50
41672,usahockey.com,learn.usahockey.com,NOERROR,A,52.3.132.94
41672,usahockey.com,hallockyouthhockey.usahockey.com,NOERROR,CNAME,sites.sportngin.com.
41672,usahockey.com,preprod.myevents.usahockey.com,NOERROR,A,52.14.186.27
41672,usahockey.com,email.membership.usahockey.com,NOERROR,CNAME,mailgun.org.
41672,usahockey.com,worldjuniors.usahockey.com,NOERROR,CNAME,sites.sportngin.com.
41672,usahockey.com,learning.usahockey.com,NOERROR,A,20.157.73.41
41672,usahockey.com,staging-membership.usahockey.com,NOERROR,A,3.133.96.154
41672,usahockey.com,playerdevelopmentcamps.usahockey.com,NOERROR,CNAME,sites.sportngin.com.
41672,usahockey.com,laramiehockey.usahockey.com,NOERROR,CNAME,sites.sportngin.com.
41672,usahockey.com,play.usahockey.com,NOERROR,CNAME,sites.sportngin.com.
41672,usahockey.com,payments.usahockey.com,NOERROR,A,20.33.30.10
41672,usahockey.com,westchesterwildcats.usahockey.com,NOERROR,CNAME,sites.sportngin.com.
41672,usahockey.com,myevents.usahockey.com,NOERROR,A,4.249.112.209
41672,usahockey.com,ahairegistration.usahockey.com,NOERROR,A,52.14.186.27
41672,usahockey.com,dev-portal.usahockey.com,NOERROR,A,104.239.175.89
41672,usahockey.com,cepsearch.usahockey.com,NOERROR,A,20.157.73.41
41672,usahockey.com,meetings.usahockey.com,NOERROR,A,52.14.186.27
41672,usahockey.com,staging.findhockey.usahockey.com,NOERROR,A,3.21.31.88
41672,usahockey.com,courses.usahockey.com,NOERROR,A,20.157.73.41
41672,usahockey.com,scoring.usahockey.com,NOERROR,A,52.14.186.27
697726,japan-porn.net,www.japan-porn.net,NOERROR,A,162.254.190.69
185358,jobinrwanda.com,webservice.jobinrwanda.com,NOERROR,A,185.177.44.47
185358,jobinrwanda.com,www.shortlist.jobinrwanda.com,NOERROR,CNAME,cvsearch.netlify.app.
185358,jobinrwanda.com,surveys.jobinrwanda.com,NOERROR,A,185.177.44.47
185358,jobinrwanda.com,solr.jobinrwanda.com,NOERROR,A,54.227.164.51
185358,jobinrwanda.com,newsletter.jobinrwanda.com,NOERROR,A,31.207.33.4
185358,jobinrwanda.com,leave.jobinrwanda.com,NOERROR,A,185.177.44.47
185358,jobinrwanda.com,apid9.erp.jobinrwanda.com,NOERROR,A,54.227.164.51
185358,jobinrwanda.com,index.jobinrwanda.com,NOERROR,A,192.162.71.162
185358,jobinrwanda.com,staging.jobinrwanda.com,NOERROR,A,185.177.44.47
185358,jobinrwanda.com,api.gmail2ftp.jobinrwanda.com,NOERROR,A,192.162.71.162
185358,jobinrwanda.com,link.surveys.jobinrwanda.com,NOERROR,CNAME,track.smtp2go.net.
185358,jobinrwanda.com,api.cvsearch.jobinrwanda.com,NOERROR,A,192.162.71.162
185358,jobinrwanda.com,odoo.jobinrwanda.com,NOERROR,A,31.207.36.92
185358,jobinrwanda.com,recovery.jobinrwanda.com,NOERROR,A,185.177.44.47
185358,jobinrwanda.com,odoo15.jobinrwanda.com,NOERROR,A,192.162.71.162
185358,jobinrwanda.com,api.erp.jobinrwanda.com,NOERROR,A,192.162.71.162
185358,jobinrwanda.com,gmail2ftp.jobinrwanda.com,NOERROR,A,185.177.44.47
185358,jobinrwanda.com,www.newsletter.jobinrwanda.com,NOERROR,CNAME,newsletter.jobinrwanda.com.
185358,jobinrwanda.com,migration.jobinrwanda.com,NOERROR,A,185.177.44.47
185358,jobinrwanda.com,webmail.jobinrwanda.com,NOERROR,A,185.177.44.47
301968,agrarshop-online.com,www.agrarshop-online.com,NOERROR,CNAME,agrarshop-online.com.
36688,pckcdn.net,s1.pckcdn.net,NOERROR,A,37.187.82.130
36688,pckcdn.net,s4.pckcdn.net,NOERROR,A,212.8.249.251
36688,pckcdn.net,ic.pckcdn.net,NOERROR,A,212.8.249.251
36688,pckcdn.net,s6.pckcdn.net,NOERROR,A,190.2.142.17
36688,pckcdn.net,s7.pckcdn.net,NOERROR,A,190.2.154.97
36688,pckcdn.net,s2.pckcdn.net,NOERROR,A,91.134.76.39
36688,pckcdn.net,s5.pckcdn.net,NOERROR,A,175.110.115.10
36688,pckcdn.net,vc.pckcdn.net,NOERROR,A,109.206.161.25
36688,pckcdn.net,s3.pckcdn.net,NOERROR,A,91.134.22.90
165685,catalystedu.com,argon-timesync-service.catalystedu.com,NOERROR,A,34.120.174.219
165685,catalystedu.com,dev-pdf-service.catalystedu.com,NOERROR,A,34.49.234.131
165685,catalystedu.com,uat-identity-service.catalystedu.com,NOERROR,A,34.149.242.160
165685,catalystedu.com,lt-timesync-service.catalystedu.com,NOERROR,A,34.102.162.42
165685,catalystedu.com,argon-jobs-service.catalystedu.com,NOERROR,A,34.117.229.156
165685,catalystedu.com,lt-core-service.catalystedu.com,NOERROR,A,34.107.129.11
165685,catalystedu.com,helium-identity-service.catalystedu.com,NOERROR,A,35.241.11.62
165685,catalystedu.com,uat-jobs-service.catalystedu.com,NOERROR,A,34.8.25.85
165685,catalystedu.com,studio-dev.catalystedu.com,NOERROR,A,136.110.245.255
165685,catalystedu.com,uat-pdf-service.catalystedu.com,NOERROR,A,34.54.56.12
165685,catalystedu.com,argon-latex2html-service.catalystedu.com,NOERROR,A,34.36.42.48
165685,catalystedu.com,volt-jobs-service.catalystedu.com,NOERROR,A,34.49.50.176
165685,catalystedu.com,prod-pdf-service.catalystedu.com,NOERROR,A,34.36.59.111
165685,catalystedu.com,helium-timesync-service.catalystedu.com,NOERROR,A,34.54.80.101
165685,catalystedu.com,qa-jobs-service.catalystedu.com,NOERROR,A,34.36.55.55
165685,catalystedu.com,status.catalystedu.com,NOERROR,CNAME,ppl07ks5klxr.stspg-customer.com.
165685,catalystedu.com,dev-file-service.catalystedu.com,NOERROR,A,34.120.66.99
165685,catalystedu.com,volt-identity-service.catalystedu.com,NOERROR,A,34.8.250.66
165685,catalystedu.com,qa-timesync-service.catalystedu.com,NOERROR,A,34.8.79.77
165685,catalystedu.com,dev-identity-service.catalystedu.com,NOERROR,A,35.190.26.84
460809,openers.jp,blog.openers.jp,NOERROR,A,157.7.199.130
460809,openers.jp,news.openers.jp,NOERROR,A,52.198.37.243
460809,openers.jp,admin.openers.jp,NOERROR,A,52.192.151.84
189937,moraj.pl,www.naprawde.moraj.pl,NOERROR,CNAME,www83.wixdns.net.
189937,moraj.pl,b2b.moraj.pl,NOERROR,A,46.248.164.100
189937,moraj.pl,codarius.moraj.pl,NOERROR,A,46.248.164.100
189937,moraj.pl,naprawde.moraj.pl,NOERROR,CNAME,www83.wixdns.net.
189937,moraj.pl,www.moraj.pl,NOERROR,A,104.26.3.134
128994,postgresconf.org,admin.postgresconf.org,NOERROR,A,34.55.145.235
128994,postgresconf.org,api.postgresconf.org,NOERROR,A,34.55.145.235
128994,postgresconf.org,leads.postgresconf.org,NOERROR,A,34.55.145.235
128994,postgresconf.org,www.postgresconf.org,NOERROR,CNAME,postgresconf.org.
715898,tabisuruwagashi.com,www.tabisuruwagashi.com,NOERROR,CNAME,gaxwagashi.cn.makeshop.jp.
100159,edizdalkilic.com,webmail.edizdalkilic.com,NOERROR,A,104.21.96.92
100159,edizdalkilic.com,www.mail.edizdalkilic.com,NOERROR,A,172.67.176.70
100159,edizdalkilic.com,www.edizdalkilic.com,NOERROR,A,104.21.96.92
100159,edizdalkilic.com,mail.edizdalkilic.com,NOERROR,A,104.21.96.92
515062,updateyealink.com,www.updateyealink.com,NOERROR,CNAME,no-site.proxsys.net.
323192,testsite-ksdfjewoifjdeklsdf.ru,a.testsite-ksdfjewoifjdeklsdf.ru,NOERROR,A,45.139.26.197
323192,testsite-ksdfjewoifjdeklsdf.ru,c7.testsite-ksdfjewoifjdeklsdf.ru,NOERROR,A,83.243.86.144
323192,testsite-ksdfjewoifjdeklsdf.ru,c3.testsite-ksdfjewoifjdeklsdf.ru,NOERROR,A,85.93.10.8
323192,testsite-ksdfjewoifjdeklsdf.ru,kuma.testsite-ksdfjewoifjdeklsdf.ru,NOERROR,A,45.139.26.197
323192,testsite-ksdfjewoifjdeklsdf.ru,c5.testsite-ksdfjewoifjdeklsdf.ru,NOERROR,A,82.22.40.40
323192,testsite-ksdfjewoifjdeklsdf.ru,boba.testsite-ksdfjewoifjdeklsdf.ru,NOERROR,A,45.139.27.103
323192,testsite-ksdfjewoifjdeklsdf.ru,biba.testsite-ksdfjewoifjdeklsdf.ru,NOERROR,A,45.139.27.103
323192,testsite-ksdfjewoifjdeklsdf.ru,b.testsite-ksdfjewoifjdeklsdf.ru,NOERROR,A,45.139.26.197
323192,testsite-ksdfjewoifjdeklsdf.ru,c4.testsite-ksdfjewoifjdeklsdf.ru,NOERROR,A,185.229.221.94
323192,testsite-ksdfjewoifjdeklsdf.ru,www.testsite-ksdfjewoifjdeklsdf.ru,NOERROR,A,87.236.16.166
323192,testsite-ksdfjewoifjdeklsdf.ru,c.testsite-ksdfjewoifjdeklsdf.ru,NOERROR,A,45.139.26.197
323192,testsite-ksdfjewoifjdeklsdf.ru,c6.testsite-ksdfjewoifjdeklsdf.ru,NOERROR,A,178.18.147.154
323192,testsite-ksdfjewoifjdeklsdf.ru,c2.testsite-ksdfjewoifjdeklsdf.ru,NOERROR,A,85.93.10.62
256151,dmonesource.com,ns2.dmonesource.com,NOERROR,A,65.220.97.204
256151,dmonesource.com,ns1.dmonesource.com,NOERROR,A,65.220.97.203
784351,goldembingo.com,www.goldembingo.com,NOERROR,A,172.67.175.104
924477,fhjglink.com,data.fhjglink.com,NOERROR,A,103.156.68.108
924477,fhjglink.com,img.fhjglink.com,NOERROR,A,47.100.104.148
924477,fhjglink.com,www.fhjglink.com,NOERROR,A,47.100.104.148
924477,fhjglink.com,api.fhjglink.com,NOERROR,A,47.100.104.148
620066,smefinanceforum.org,www.smefinanceforum.org,NOERROR,CNAME,smefinanceforum.org.
620066,smefinanceforum.org,cdn.smefinanceforum.org,NOERROR,CNAME,sme-15303.kxcdn.com.
13333,hypotheses.org,expairs.hypotheses.org,NOERROR,A,134.158.39.132
13333,hypotheses.org,habsb.hypotheses.org,NOERROR,A,134.158.39.132
13333,hypotheses.org,sondasson.hypotheses.org,NOERROR,A,134.158.39.132
13333,hypotheses.org,mescpol.hypotheses.org,NOERROR,A,134.158.39.132
13333,hypotheses.org,direje.hypotheses.org,NOERROR,A,134.158.39.132
13333,hypotheses.org,metatheses.hypotheses.org,NOERROR,A,134.158.39.132
13333,hypotheses.org,trenum.hypotheses.org,NOERROR,A,134.158.39.132
13333,hypotheses.org,ambivalenzen.hypotheses.org,NOERROR,A,134.158.39.132
13333,hypotheses.org,beersheba.hypotheses.org,NOERROR,A,134.158.39.132
13333,hypotheses.org,metaorgtrans.hypotheses.org,NOERROR,A,134.158.39.132
13333,hypotheses.org,wils.hypotheses.org,NOERROR,A,134.158.39.132
13333,hypotheses.org,patrpmlo.hypotheses.org,NOERROR,A,134.158.39.132
13333,hypotheses.org,grupointer.hypotheses.org,NOERROR,A,134.158.39.132
13333,hypotheses.org,histubs.hypotheses.org,NOERROR,A,134.158.39.132
13333,hypotheses.org,musermeku.hypotheses.org,NOERROR,A,134.158.39.132
13333,hypotheses.org,generaliste.hypotheses.org,NOERROR,A,134.158.39.132
13333,hypotheses.org,philologeek.hypotheses.org,NOERROR,A,134.158.39.132
13333,hypotheses.org,epsi.hypotheses.org,NOERROR,A,134.158.39.132
13333,hypotheses.org,clairesicard.hypotheses.org,NOERROR,A,134.158.39.132
13333,hypotheses.org,etlt.hypotheses.org,NOERROR,A,134.158.39.132
416930,chevrolet-aveo.ru,www.chevrolet-aveo.ru,NOERROR,A,45.131.46.160
681503,externalbee.cc,prod.secondary.externalbee.cc,NOERROR,A,89.222.122.234
681503,externalbee.cc,prod.primary.externalbee.cc,NOERROR,A,89.222.122.234
552175,stubcloudstatic.com,media.stubcloudstatic.com,NOERROR,CNAME,media.stubcloudstatic.com.multicdn.cloudinary.com.
951369,techfinitive.com,www.techfinitive.com,NOERROR,A,172.67.70.65
924880,wisconsinrightnow.com,mail.wisconsinrightnow.com,NOERROR,A,173.231.207.149
924880,wisconsinrightnow.com,cpcontacts.wisconsinrightnow.com,NOERROR,A,104.26.5.226
924880,wisconsinrightnow.com,autodiscover.wisconsinrightnow.com,NOERROR,A,104.26.5.226
924880,wisconsinrightnow.com,server.wisconsinrightnow.com,NOERROR,A,173.231.207.149
924880,wisconsinrightnow.com,listings.wisconsinrightnow.com,NOERROR,A,104.26.5.226
924880,wisconsinrightnow.com,www.wisconsinrightnow.com,NOERROR,A,104.26.5.226
924880,wisconsinrightnow.com,cpcalendars.wisconsinrightnow.com,NOERROR,A,172.67.73.226
924880,wisconsinrightnow.com,cpanel.wisconsinrightnow.com,NOERROR,A,172.67.73.226
769123,classewig.com,www.classewig.com,NOERROR,A,58.156.129.161
739061,dimagi.com,academy.dimagi.com,NOERROR,CNAME,endpoint.mykajabi.com.
739061,dimagi.com,connectid.dimagi.com,NOERROR,CNAME,connectid-frontend-438416567.us-east-1.elb.amazonaws.com.
739061,dimagi.com,jenkins.dimagi.com,NOERROR,A,172.99.75.51
739061,dimagi.com,polio-superset.dimagi.com,NOERROR,A,13.244.215.108
739061,dimagi.com,fhir-demo.dimagi.com,NOERROR,CNAME,rocky-rambutan-raxchvnkqx6nly273lu8wkzh.herokudns.com.
739061,dimagi.com,roadmap.dimagi.com,NOERROR,CNAME,customdomains.featurebase.app.
739061,dimagi.com,confluence.dimagi.com,NOERROR,CNAME,confluence-connection-1604168843.us-east-1.elb.amazonaws.com.
739061,dimagi.com,provider.dimagi.com,NOERROR,A,192.0.78.25
739061,dimagi.com,commcare-analytics.dimagi.com,NOERROR,A,54.173.129.164
739061,dimagi.com,det-staging.dimagi.com,NOERROR,A,34.206.32.120
739061,dimagi.com,aif-commcaresync.dimagi.com,NOERROR,A,3.108.242.66
739061,dimagi.com,chatbotstatus.dimagi.com,NOERROR,CNAME,statuspage.betteruptime.com.
739061,dimagi.com,feedback.dimagi.com,NOERROR,CNAME,cname.roadmapper.app.
739061,dimagi.com,commcare-api-explorer.dimagi.com,NOERROR,A,104.21.5.42
739061,dimagi.com,forum.dimagi.com,NOERROR,A,45.77.203.149
739061,dimagi.com,scout.dimagi.com,NOERROR,A,35.153.197.104
739061,dimagi.com,ok.dimagi.com,NOERROR,CNAME,okt.to.
739061,dimagi.com,cstock.dimagi.com,NOERROR,A,64.150.187.220
739061,dimagi.com,support.dimagi.com,NOERROR,CNAME,support-dimagi-com-36358042-78ba-4604-8dda-64c1c8875066.saas.atlassian.com.
739061,dimagi.com,chatbots.dimagi.com,NOERROR,CNAME,chatbots-prod-loadbalancer-2070009364.us-east-1.elb.amazonaws.com.
168387,wallis.co.uk,mediahub.wallis.co.uk,NOERROR,CNAME,d1hgj7z2g1pans.cloudfront.net.
168387,wallis.co.uk,mobile-gateway.wallis.co.uk,NOERROR,CNAME,mobile-gateway.wallis.co.uk.cdn.cloudflare.net.
168387,wallis.co.uk,dtm.wallis.co.uk,NOERROR,A,89.207.18.81
168387,wallis.co.uk,m.wallis.co.uk,NOERROR,CNAME,wdgfz6t2.edge.easyredir.net.
168387,wallis.co.uk,egain.wallis.co.uk,NOERROR,CNAME,boohoo.egain.cloud.
168387,wallis.co.uk,x.mail.wallis.co.uk,NOERROR,A,35.178.18.206
168387,wallis.co.uk,refresh.wallis.co.uk,NOERROR,CNAME,d1iyhizipn1jmh.cloudfront.net.
168387,wallis.co.uk,dev-mobile-gateway.wallis.co.uk,NOERROR,CNAME,dev-mobile-gateway.wallis.co.uk.cdn.cloudflare.net.
168387,wallis.co.uk,checkout.wallis.co.uk,NOERROR,CNAME,d2h0g6sr16coa2.cloudfront.net.
168387,wallis.co.uk,blog.wallis.co.uk,NOERROR,CNAME,wallis.typepad.com.
168387,wallis.co.uk,www.wallis.co.uk,NOERROR,CNAME,d1iyhizipn1jmh.cloudfront.net.
168387,wallis.co.uk,stores.wallis.co.uk,NOERROR,CNAME,wdgfz6t2.edge.easyredir.net.
168387,wallis.co.uk,cdn.e.wallis.co.uk,NOERROR,CNAME,cdn-bho-wallis.exponea.com.
168387,wallis.co.uk,help.wallis.co.uk,NOERROR,A,52.138.136.233
168387,wallis.co.uk,static.wallis.co.uk,NOERROR,CNAME,a.bigcontent.io.
168387,wallis.co.uk,api.e.wallis.co.uk,NOERROR,CNAME,api-bho-wallis.exponea.com.
168387,wallis.co.uk,media.wallis.co.uk,NOERROR,CNAME,cdn.media.amplience.net.
168387,wallis.co.uk,dwdev.wallis.co.uk,NOERROR,CNAME,dj8jrkvv8or2o.cloudfront.net.
168387,wallis.co.uk,images.wallis.co.uk,NOERROR,CNAME,i2.adis.ws.
544471,cloudbosbe.com,www.cloudbosbe.com,NOERROR,CNAME,cloudbosbe.com.
544471,cloudbosbe.com,ns2.cloudbosbe.com,NOERROR,A,94.177.201.79
544471,cloudbosbe.com,webmail.cloudbosbe.com,NOERROR,A,159.69.88.78
544471,cloudbosbe.com,ns1.cloudbosbe.com,NOERROR,A,159.69.88.78
6881,virginmedia.com,assets.virginmedia.com,NOERROR,A,213.105.9.35
735718,50reefs.org,www.50reefs.org,NOERROR,CNAME,ext-sq.squarespace.com.
465915,wellappointedhouse.com,account.wellappointedhouse.com,NOERROR,CNAME,shops.myshopify.com.
465915,wellappointedhouse.com,blog.wellappointedhouse.com,NOERROR,A,172.67.72.106
465915,wellappointedhouse.com,www.wellappointedhouse.com,NOERROR,CNAME,shops.myshopify.com.
465915,wellappointedhouse.com,www.blog.wellappointedhouse.com,NOERROR,CNAME,shops.myshopify.com.
801322,mariadelaorden.com,www.mariadelaorden.com,NOERROR,CNAME,shops.myshopify.com.
801322,mariadelaorden.com,msr.mariadelaorden.com,NOERROR,A,51.159.87.70
801322,mariadelaorden.com,load.msr.mariadelaorden.com,NOERROR,CNAME,leuf.stape.net.
769876,colins.ma,www.colins.ma,NOERROR,A,172.67.74.59
682372,realvelocity.xyz,www.realvelocity.xyz,NOERROR,CNAME,1309225f17db737b.vercel-dns-017.com.
682372,realvelocity.xyz,status.realvelocity.xyz,NOERROR,A,216.198.79.1
701231,nisc.cloud,sudo.aws.nisc.cloud,NOERROR,A,99.84.160.97
701231,nisc.cloud,cicd.local.nisc.cloud,NOERROR,A,127.0.0.1
701231,nisc.cloud,mdm-mission-control.prod.us-east-2.aws.nisc.cloud,NOERROR,A,18.164.116.84
701231,nisc.cloud,atlantis.master.aws.nisc.cloud,NOERROR,A,16.58.124.142
701231,nisc.cloud,asp2.local.nisc.cloud,NOERROR,A,127.0.0.1
701231,nisc.cloud,arcgis.test.us-east-2.aws.nisc.cloud,NOERROR,A,3.13.209.78
701231,nisc.cloud,cloud.local.nisc.cloud,NOERROR,A,127.0.0.1
701231,nisc.cloud,harbor.dev.us-east-2.aws.nisc.cloud,NOERROR,A,10.62.33.40
701231,nisc.cloud,mdm-mission-control.test.us-east-2.aws.nisc.cloud,NOERROR,A,18.164.116.127
701231,nisc.cloud,mdm-mission-control.dev.us-east-2.aws.nisc.cloud,NOERROR,A,108.138.128.71
701231,nisc.cloud,application-registry.dev.us-east-2.aws.nisc.cloud,NOERROR,A,18.173.132.62
701231,nisc.cloud,governance-ui.prod.us-east-2.aws.nisc.cloud,NOERROR,A,99.84.160.111
701231,nisc.cloud,harbor.test.us-east-2.aws.nisc.cloud,NOERROR,A,10.61.33.126
701231,nisc.cloud,governance-ui.dev.us-east-2.aws.nisc.cloud,NOERROR,A,3.168.122.65
701231,nisc.cloud,atlantis.cicd.nisc.cloud,NOERROR,A,3.140.214.47
701231,nisc.cloud,governance-ui.test.us-east-2.aws.nisc.cloud,NOERROR,A,99.84.234.113
701231,nisc.cloud,arcgis-server.test.us-east-2.aws.nisc.cloud,NOERROR,A,3.131.62.226
701231,nisc.cloud,adms.test.us-east-2.aws.nisc.cloud,NOERROR,A,3.134.175.188
701231,nisc.cloud,nettool.noc.nisc.cloud,NOERROR,A,108.139.29.96
701231,nisc.cloud,harbor.prod.us-east-2.aws.nisc.cloud,NOERROR,A,10.60.38.172
706466,didacticaselectronicas.com,www.didacticaselectronicas.com,NOERROR,A,104.21.80.59
407734,ark-servers.net,www.ark-servers.net,NOERROR,A,172.67.74.111
852633,worldwar2database.com,www1.worldwar2database.com,NOERROR,A,104.21.86.111
852633,worldwar2database.com,vps.worldwar2database.com,NOERROR,A,172.67.218.146
852633,worldwar2database.com,www.worldwar2database.com,NOERROR,A,104.21.86.111
42826,cronon.de,dns-hp.cronon.de,NOERROR,A,192.166.192.1
42826,cronon.de,vulthoom01.cronon.de,NOERROR,A,192.166.192.26
42826,cronon.de,vulthoom02.cronon.de,NOERROR,A,81.169.191.26
42826,cronon.de,destiny.cronon.de,NOERROR,A,192.166.192.14
42826,cronon.de,xiccarph.cronon.de,NOERROR,A,192.166.192.45
42826,cronon.de,dns-b1.cronon.de,NOERROR,A,192.166.192.224
42826,cronon.de,dns-hh1-1.cronon.de,NOERROR,A,81.169.191.14
42826,cronon.de,vulthoom00.cronon.de,NOERROR,CNAME,karlsruhe.nic.xlink.net.
42826,cronon.de,dns-b2.cronon.de,NOERROR,A,192.166.196.224
42826,cronon.de,dns-hh1-2.cronon.de,NOERROR,A,81.169.191.15
42826,cronon.de,dns-hh1.cronon.de,NOERROR,A,81.169.191.16
923170,lapua.com,redirect.lapua.com,NOERROR,A,194.188.248.100
923170,lapua.com,www.lapua.com,NOERROR,CNAME,fi-s.seravo.com.
923170,lapua.com,club.lapua.com,NOERROR,CNAME,lapua.in.packagemedia.com.
923170,lapua.com,www.club.lapua.com,NOERROR,CNAME,lapua.in.packagemedia.com.
923170,lapua.com,orders.lapua.com,NOERROR,A,51.120.71.107
923170,lapua.com,naturalis.lapua.com,NOERROR,A,84.234.70.140
375413,alandroidnet.com,www.alandroidnet.com,NOERROR,A,172.67.223.65
167908,srcdn.net,firespeed.srcdn.net,NOERROR,A,178.249.209.228
167908,srcdn.net,suwieowo.srcdn.net,NOERROR,A,62.93.165.232
167908,srcdn.net,voteyea.srcdn.net,NOERROR,A,79.127.190.218
167908,srcdn.net,duckerpls.srcdn.net,NOERROR,A,79.127.190.214
167908,srcdn.net,zyzzrave.srcdn.net,NOERROR,A,62.93.165.225
167908,srcdn.net,feelsbirthdayman.srcdn.net,NOERROR,A,178.249.209.230
167908,srcdn.net,forsenboys.srcdn.net,NOERROR,A,149.40.61.176
167908,srcdn.net,kapp.srcdn.net,NOERROR,A,62.93.165.236
167908,srcdn.net,mxgedfunny.srcdn.net,NOERROR,A,172.236.219.81
167908,srcdn.net,persms.srcdn.net,NOERROR,A,79.127.190.217
167908,srcdn.net,keepo.srcdn.net,NOERROR,A,178.249.209.225
167908,srcdn.net,r2gmet.srcdn.net,NOERROR,A,178.249.209.229
167908,srcdn.net,peepohappy.srcdn.net,NOERROR,A,62.93.165.231
167908,srcdn.net,forsent.srcdn.net,NOERROR,A,62.93.165.235
167908,srcdn.net,konankonznjizzmanguzmanhard.srcdn.net,NOERROR,A,62.93.165.229
167908,srcdn.net,pphop.srcdn.net,NOERROR,A,62.93.165.227
167908,srcdn.net,clap.eu.srcdn.net,NOERROR,A,178.249.209.149
167908,srcdn.net,notlikethis.srcdn.net,NOERROR,A,178.249.209.235
167908,srcdn.net,dansgame.srcdn.net,NOERROR,A,62.93.165.234
167908,srcdn.net,modcheck.srcdn.net,NOERROR,A,149.40.61.173
456305,clinicalnutritionespen.com,www.clinicalnutritionespen.com,NOERROR,CNAME,secure.jbs.elsevierhealth.com.
588079,citychain.com.my,mail.citychain.com.my,NOERROR,A,116.251.204.37
588079,citychain.com.my,einvoice.citychain.com.my,NOERROR,A,103.209.157.188
588079,citychain.com.my,www.citychain.com.my,NOERROR,CNAME,shops.myshopify.com.
588079,citychain.com.my,rewards.citychain.com.my,NOERROR,CNAME,cname.eber.co.
950364,searchamerica.com,apiqa.searchamerica.com,NOERROR,A,199.96.234.215
950364,searchamerica.com,beta.searchamerica.com,NOERROR,A,199.96.234.212
950364,searchamerica.com,batch3.searchamerica.com,NOERROR,A,199.96.234.224
950364,searchamerica.com,api.searchamerica.com,NOERROR,A,199.96.234.214
950364,searchamerica.com,qa.searchamerica.com,NOERROR,A,199.96.234.181
950364,searchamerica.com,www.searchamerica.com,NOERROR,A,199.96.234.221
950364,searchamerica.com,healthcare.searchamerica.com,NOERROR,A,199.96.234.211
950364,searchamerica.com,secureftp.searchamerica.com,NOERROR,A,199.96.234.218
950364,searchamerica.com,batch4.searchamerica.com,NOERROR,A,199.96.234.225
950364,searchamerica.com,searchapp.searchamerica.com,NOERROR,A,199.96.234.210
950364,searchamerica.com,batch.searchamerica.com,NOERROR,A,199.96.234.222
950364,searchamerica.com,training.searchamerica.com,NOERROR,A,199.96.234.213
2998,wellsfargo.com,bp13aloxdc-out.wellsfargo.com,NOERROR,A,159.45.71.21
2998,wellsfargo.com,aws1.wellsfargo.com,NOERROR,A,151.151.80.82
2998,wellsfargo.com,confirmcard-uat.wellsfargo.com,NOERROR,CNAME,confirmcard-uat.wellsfargo.com.edgekey.net.
2998,wellsfargo.com,fea09-xapi.secure.evetest.wellsfargo.com,NOERROR,CNAME,fea01-xapi.secure.evetest.wellsfargo.com.edgekey.net.
2998,wellsfargo.com,exet30.wellsfargo.com,NOERROR,A,159.45.156.61
2998,wellsfargo.com,advisorgateway-sit-purple.stratus.wellsfargo.com,NOERROR,CNAME,proxy-ngdc-ewpcs.wellsfargo.com.
2998,wellsfargo.com,1hp1-advisorreport-client-ist.stratus.wellsfargo.com,NOERROR,CNAME,proxy-ngdc-ewpcs.wellsfargo.com.
2998,wellsfargo.com,amextokens.wellsfargo.com,NOERROR,CNAME,amextokens.d01-adcs-wells.akadns.net.
2998,wellsfargo.com,ceopt-eventsservice-uat.ceo.wellsfargo.com,NOERROR,CNAME,ceopt-eventsservice-uat.ceo.wellsfargo.com.edgekey.net.
2998,wellsfargo.com,itravel-xgiuat.wellsfargo.com,NOERROR,CNAME,itravel-xgiuat.wellsfargo.com.edgekey.net.
2998,wellsfargo.com,fea29-static.evetest.wellsfargo.com,NOERROR,CNAME,fea01-static.evetest.wellsfargo.com.edgekey.net.
2998,wellsfargo.com,mmn5hmcah12.wellsfargo.com,NOERROR,A,151.151.27.163
2998,wellsfargo.com,ap-jp1-a-portal-ras-prod.wellsfargo.com,NOERROR,A,199.230.102.11
2998,wellsfargo.com,sp.secure.evetest.wellsfargo.com,NOERROR,CNAME,sp.secure.evetest.wellsfargo.com.edgekey.net.
2998,wellsfargo.com,tx-a-gw-mas-uat.wellsfargo.com,NOERROR,A,159.37.121.14
2998,wellsfargo.com,appwa00a0087.wellsfargo.com,NOERROR,A,170.43.138.48
2998,wellsfargo.com,fea02-idp.evetest.wellsfargo.com,NOERROR,CNAME,fea01-idp.evetest.wellsfargo.com.edgekey.net.
2998,wellsfargo.com,wellsofficefix.ceo.wellsfargo.com,NOERROR,CNAME,wellsofficefix.wellsfargo.com.edgekey.net.
2998,wellsfargo.com,advisorycenter-et.stratus.wellsfargo.com,NOERROR,CNAME,proxy-ngdc-ewpcs.wellsfargo.com.
2998,wellsfargo.com,wellsorders.ceo.wellsfargo.com,NOERROR,CNAME,wellsorders.ceo.wellsfargo.com.edgekey.net.
624562,ajl.org,jobs.ajl.org,NOERROR,A,3.33.152.147
624562,ajl.org,cos.ajl.org,NOERROR,A,3.33.251.168
624562,ajl.org,tour.ajl.org,NOERROR,CNAME,cname.tinyurl.com.
624562,ajl.org,africatour.ajl.org,NOERROR,A,3.33.251.168
624562,ajl.org,report.ajl.org,NOERROR,CNAME,21815764.group14.sites.hubspot.net.
624562,ajl.org,shop.ajl.org,NOERROR,CNAME,shops.myshopify.com.
624562,ajl.org,tax.ajl.org,NOERROR,A,3.33.251.168
624562,ajl.org,ex.ajl.org,NOERROR,A,159.223.132.30
624562,ajl.org,ox12.ajl.org,NOERROR,A,3.33.251.168
624562,ajl.org,pay.ajl.org,NOERROR,CNAME,paylinks.commerce.godaddy.com.
624562,ajl.org,www.ajl.org,NOERROR,CNAME,cdn.webflow.com.
624562,ajl.org,tsa.ajl.org,NOERROR,A,15.197.225.128
624562,ajl.org,serveface.ajl.org,NOERROR,CNAME,serveface-ktixh.ondigitalocean.app.
624562,ajl.org,newsletter.ajl.org,NOERROR,CNAME,21815764.group14.sites.hubspot.net.
624562,ajl.org,facedemo.ajl.org,NOERROR,CNAME,facedemo-egexm.ondigitalocean.app.
624562,ajl.org,gendershades.ajl.org,NOERROR,A,15.197.225.128
624562,ajl.org,fly.ajl.org,NOERROR,A,3.33.251.168
624562,ajl.org,learn.ajl.org,NOERROR,A,3.33.251.168
624562,ajl.org,writers.ajl.org,NOERROR,A,3.33.251.168
624562,ajl.org,auditors.ajl.org,NOERROR,A,15.197.142.173
897577,sanrikutetsudou.com,ssl.sanrikutetsudou.com,NOERROR,A,210.166.247.230
897577,sanrikutetsudou.com,www.sanrikutetsudou.com,NOERROR,A,153.122.205.14
463633,waiguojiajiao.com,api.waiguojiajiao.com,NOERROR,A,58.220.33.92
463633,waiguojiajiao.com,apii.waiguojiajiao.com,NOERROR,A,118.107.43.180
463633,waiguojiajiao.com,www.waiguojiajiao.com,NOERROR,A,172.247.228.44
247276,bungie.com,smtp4.bungie.com,NOERROR,A,66.62.245.97
247276,bungie.com,crl.osm.bungie.com,NOERROR,CNAME,d2dhijj6v6xtp6.cloudfront.net.
247276,bungie.com,loc-dev.bungie.com,NOERROR,A,199.38.212.14
247276,bungie.com,autodiscover.bungie.com,NOERROR,CNAME,autodiscover.outlook.com.
247276,bungie.com,oag.bungie.com,NOERROR,A,199.38.212.25
247276,bungie.com,jira-stg.bungie.com,NOERROR,CNAME,jira-stg-bungie.msappproxy.net.
247276,bungie.com,outlook.bungie.com,NOERROR,A,66.62.245.118
247276,bungie.com,littlelights.bungie.com,NOERROR,CNAME,sparkpostmail.com.
247276,bungie.com,tacotruck.bungie.com,NOERROR,A,50.112.108.13
247276,bungie.com,webhooks.bungie.com,NOERROR,A,199.38.212.29
247276,bungie.com,testrail.bungie.com,NOERROR,CNAME,oag.bungie.com.
247276,bungie.com,clearpass.bungie.com,NOERROR,A,192.168.2.4
247276,bungie.com,securevpn.bungie.com,NOERROR,A,199.38.212.206
247276,bungie.com,owa.studio.dev.bungie.com,NOERROR,A,199.38.212.33
247276,bungie.com,careers.bungie.com,NOERROR,CNAME,careers-bungie.netlify.app.
247276,bungie.com,tfs.bungie.com,NOERROR,CNAME,tfs-bungie.msappproxy.net.
247276,bungie.com,devbungiepedia.bungie.com,NOERROR,CNAME,oag.bungie.com.
247276,bungie.com,presskits.bungie.com,NOERROR,A,172.67.200.177
247276,bungie.com,owa.bungie.com,NOERROR,A,66.62.245.95
247276,bungie.com,loc.bungie.com,NOERROR,A,199.38.212.13
27281,thestate.com,liveedition.thestate.com,NOERROR,CNAME,d1g7gbc2fxfimd.cloudfront.net.
27281,thestate.com,myaccount.thestate.com,NOERROR,CNAME,sc-mcc.subscriber-concierge.com.
27281,thestate.com,beta.thestate.com,NOERROR,CNAME,mi.gcp.edgekey.net.
27281,thestate.com,class.thestate.com,NOERROR,CNAME,redirect-prod.ejoco.com.
27281,thestate.com,aws-deploy-mycheckout.thestate.com,NOERROR,CNAME,sc-mcc-deploy.subscriber-concierge.com.
27281,thestate.com,eedition-gateway.thestate.com,NOERROR,CNAME,subscriber.pagesuite-professional.co.uk.
27281,thestate.com,connections.thestate.com,NOERROR,CNAME,local.ownlocal.com.
27281,thestate.com,sli.thestate.com,NOERROR,CNAME,d21xbgxy3xu05r.cloudfront.net.
27281,thestate.com,digital.thestate.com,NOERROR,CNAME,a8c0eebd-24b4-4e9a-8b5f-e6201abce495.unbouncepages.com.
27281,thestate.com,try.thestate.com,NOERROR,CNAME,083c7a41cb454230ad57773faec17d04.unbouncepages.com.
27281,thestate.com,qa1-amp.thestate.com,NOERROR,CNAME,amp-gcp-qa1.edgekey.net.
27281,thestate.com,jobs.thestate.com,NOERROR,CNAME,jobboard.recruitology.com.
27281,thestate.com,eedition2.thestate.com,NOERROR,CNAME,d1g7gbc2fxfimd.cloudfront.net.
27281,thestate.com,tollbit.thestate.com,NOERROR,A,34.232.169.168
27281,thestate.com,blogs.thestate.com,NOERROR,CNAME,thestate.typepad.com.
27281,thestate.com,web.thestate.com,NOERROR,CNAME,redirect-prod.ejoco.com.
27281,thestate.com,sccol.thestate.com,NOERROR,A,96.10.121.198
27281,thestate.com,games.thestate.com,NOERROR,CNAME,mcclatchy.arkadiumhosted.com.
27281,thestate.com,m.thestate.com,NOERROR,CNAME,redirect-prod.ejoco.com.
27281,thestate.com,qa2.thestate.com,NOERROR,CNAME,mm.qa2.gcp.edgekey.net.
143317,radiolippe.de,www.radiolippe.de,NOERROR,A,185.233.55.251
143317,radiolippe.de,stream.radiolippe.de,NOERROR,CNAME,stream.lokalradio.nrw.
143317,radiolippe.de,data-91f69542bd.radiolippe.de,NOERROR,CNAME,mobradli-relay.iocnt.net.
143317,radiolippe.de,data-98b5a11c9b.radiolippe.de,NOERROR,CNAME,radiolip-relay.iocnt.net.
143317,radiolippe.de,newsletter.radiolippe.de,NOERROR,A,93.191.162.150